sip,dip,sport,dport,flags,time-stamp,payload
*,*,58548,80,S,39:11.4,b'E\x00\x004w\xdc@\x00x\x06\x07\x94\xc0\xa8\x01\x01\xc0\xa8\x01\x02\xe4\xb4\x00PO\xaa\x8c\x19\x00\x00\x00\x00\x80\x02 \x00\x8b}\x00\x00\x02\x04\x05\x84\x01\x03\x03\x08\x01\x01\x04\x02'
*,*,80,58548,SA,39:12.5,"b'E\x00\x000~;@\x00{\x06\xfe8\xc0\xa8\x01\x02\xc0\xa8\x01\x01\x00P\xe4\xb4(]\x9c\xaeO\xaa\x8c\x1ap\x12""8\xd8\x07\x00\x00\x02\x04\x05\xb4\x01\x01\x04\x02'"
*,*,58548,80,A,39:15.8,b'E\x00\x00(w\xdd@\x00x\x06\x07\x9f\xc0\xa8\x01\x01\xc0\xa8\x01\x02\xe4\xb4\x00PO\xaa\x8c\x1a(]\x9c\xafP\x10\xfd\xb8)K\x00\x00'
*,*,58548,80,PA,39:17.3,"b'E\x00\x01Ww\xde@\x00y\x06\x05o\xc0\xa8\x01\x01\xc0\xa8\x01\x02\xe4\xb4\x00PO\xaa\x8c\x1a(]\x9c\xafP\x18\xfd\xb8\x92\xea\x00\x00POST /webservice/RoomService HTTP/1.1\r\nSOAPAction: """"\r\nAccept: text/xml, multipart/related, text/html, image/gif, image/jpeg, *; q=.2, */*; q=.2\r\nContent-Type: text/xml;charset=""utf-8""\r\nUser-Agent: JAX-WS RI 2.1.3-hudson-390-\r\nHost: fzpt.communion.net.cn\r\nConnection: keep-alive\r\nContent-Length: 224\r\n\r\n'"
*,*,58548,80,PA,39:19.9,"b'E\x00\x01\x08w\xdf@\x00y\x06\x05\xbd\xc0\xa8\x01\x01\xc0\xa8\x01\x02\xe4\xb4\x00PO\xaa\x8dI(]\x9c\xafP\x18\xfd\xb8k\xbc\x00\x00<?xml version=""1.0"" ?><S:Envelope xmlns:S=""http://schemas.xmlsoap.org/soap/envelope/""><S:Body><ns2:getRoomInfo xmlns:ns2=""http://facade.jyhcroom.plat.room.org/""><arg0>3509231003</arg0></ns2:getRoomInfo></S:Body></S:Envelope>'"
*,*,80,58548,PA,13:55.7,"b""E\x00\x00\xf8P\xe1\x00\x00w\x06n\xcb\xc0\xa8\x01\x02\xc0\xa8\x01\x01\x00P\xe4\xb4(]\x9c\xafO\xaa\x8e)P\x18'\xecZ1\x00\x00HTTP/1.1 200 OK\r\nServer: Apache-Coyote/1.1\r\nSet-Cookie: JSESSIONID=1442F15E7766F2E948C769B78C1BF5A7; Path=/\r\nContent-Type: text/xml;charset=UTF-8\r\nContent-Length: 1037\r\nDate: Wed, 20 Dec 2017 01:52:35 GMT\r\n\r\n"""
*,*,80,58548,PA,14:03.1,"b'E\x00\x045P\xe2\x00\x00w\x06k\x8d\xc0\xa8\x01\x02\xc0\xa8\x01\x01\x00P\xe4\xb4(]\x9d\x7fO\xaa\x8e)P\x18\'\xecP\x89\x00\x00<soap:Envelope xmlns:soap=""http://schemas.xmlsoap.org/soap/envelope/""><soap:Body><ns2:getRoomInfoResponse xmlns:ns2=""http://facade.jyhcroom.plat.room.org/""><return>[{""brandwidth"":""30"",""closetime"":""18:00"",""coordinate"":""118.999733|26.910236"",""createdate"":""2014-11-28"",""demo"":""\xe7\x8e\xaf\xe5\xa2\x83\xe4\xbc\x98\xe9\x9b\x85\xe3\x80\x81\xe9\x80\x82\xe5\x90\x88\xe9\x98\x85\xe8\xaf\xbb 192.168.1.100,"",""description"":"""",""devcode"":""1859-646740851159120151109153607"",""devcount"":""3"",""failure"":"""",""id"":6166,""info1"":""\xe5\xae\xa1\xe6\xa0\xb8\xe9\x80\x9a\xe8\xbf\x87"",""info2"":"""",""info3"":"""",""info4"":"""",""info5"":"""",""location"":""\xe5\xae\x81\xe5\xbe\xb7\xe5\xb8\x82\xe5\xb1\x8f\xe5\x8d\x97\xe5\x8e\xbf\xe5\x8f\xa4\xe5\xb3\xb0\xe9\x95\x87\xe5\x9f\x8e\xe4\xb8\x9c\xe7\xa4\xbe\xe5\x8c\xba\xe5\xb1\x85\xe6\xb0\x91\xe5\xa7\x94\xe5\x91\x98\xe4\xbc\x9a"",""lxremail"":""87599390@qq.com"",""lxrmobile"":"""",""lxrtel"":""13062198137"",""managercount"":"""",""opentime"":""08:00"",""postcode"":""352300"",""roomarea"":140,""roomfzr"":"""",""roomlxr"":""\xe6\x9d\x8e\xe5\x9b\x9b"",""roommanager"":""\xe9\x99\x88\xe6\x9d\x8e\xe4\xba\x91"",""roomname"":""\xe5\xb1\x8f\xe5\x8d\x97\xe5\x8e\xbf\xe5\x8f\xa4\xe5\xb3\xb0\xe9\x95\x87\xe7\xbb\xbc\xe5\x90\x88\xe6\x96\x87\xe5\x8c\x96\xe7\xab\x99\xe7\x94\xb5\xe5\xad\x90\xe9\x98\x85\xe8\xa7\x88\xe5\xae\xa4"",""roomsn"":""3509231003"",""roomtype"":""1"",""stalevel"":""9"",""state"":1,""statype"":"""",""type"":0,""updatetime"":""2015-11-09 15:46"",""uppersta"":""350923"",""version"":2,""website"":""""}]</return></ns2:getRoomInfoResponse></soap:Body></soap:Envelope>'"
*,*,58548,80,A,31:12.5,"b""E\x00\x00(w\xe0@\x00y\x06\x06\x9c\xc0\xa8\x01\x01\xc0\xa8\x01\x02\xe4\xb4\x00PO\xaa\x8e)(]\xa1\x8cP\x10\xf8\xdb'<\x00\x00"""
*,*,58548,80,PA,32:01.0,"b'E\x00\x01Ww\xe1@\x00y\x06\x05l\xc0\xa8\x01\x01\xc0\xa8\x01\x02\xe4\xb4\x00PO\xaa\x8e)(]\xa1\x8cP\x18\xf8\xdb\x8c\xdb\x00\x00POST /webservice/RoomService HTTP/1.1\r\nSOAPAction: """"\r\nAccept: text/xml, multipart/related, text/html, image/gif, image/jpeg, *; q=.2, */*; q=.2\r\nContent-Type: text/xml;charset=""utf-8""\r\nUser-Agent: JAX-WS RI 2.1.3-hudson-390-\r\nHost: fzpt.communion.net.cn\r\nConnection: keep-alive\r\nContent-Length: 228\r\n\r\n'"
*,*,58548,80,PA,32:04.3,"b'E\x00\x01\x0cw\xe2@\x00y\x06\x05\xb6\xc0\xa8\x01\x01\xc0\xa8\x01\x02\xe4\xb4\x00PO\xaa\x8fX(]\xa1\x8cP\x18\xf8\xdb\x9e\xde\x00\x00<?xml version=""1.0"" ?><S:Envelope xmlns:S=""http://schemas.xmlsoap.org/soap/envelope/""><S:Body><ns2:getRoomConfig xmlns:ns2=""http://facade.jyhcroom.plat.room.org/""><arg0>3509231003</arg0></ns2:getRoomConfig></S:Body></S:Envelope>'"
*,*,80,58548,A,17:45.3,"b""E\x00\x00(\x1ay\x00\x00w\x06\xa6\x03\xc0\xa8\x01\x02\xc0\xa8\x01\x01\x00P\xe4\xb4(]\xa1\x8cO\xaa\x90<P\x10'\xec\xf6\x18\x00\x00"""
*,*,80,58548,PA,58:49.5,"b""E\x00\x01\x0f\x1az\x00\x00w\x06\xa5\x1b\xc0\xa8\x01\x02\xc0\xa8\x01\x01\x00P\xe4\xb4(]\xa1\x8cO\xaa\x90<P\x18'\xec\xd3\xe1\x00\x00HTTP/1.1 200 OK\r\nServer: Apache-Coyote/1.1\r\nSet-Cookie: JSESSIONID=5DB9336C8314623D857FE1D3DBE9535C; Path=/\r\nContent-Type: text/xml;charset=UTF-8\r\nContent-Length: 3654\r\nVary: Accept-Encoding\r\nDate: Wed, 20 Dec 2017 01:52:35 GMT\r\n\r\n"""
*,*,80,58548,PA,59:17.5,"b'E\x00\x05\xac\x1a|\x00\x00w\x06\xa0|\xc0\xa8\x01\x02\xc0\xa8\x01\x01\x00P\xe4\xb4(]\xa7\x10O\xaa\x90<P\x18\'\xec\xfa \x00\x00\x9e\xe6\x80\xa7\xef\xbc\x9a0\xe8\xa1\xa8\xe7\xa4\xba\xe6\x9c\xaa\xe5\x90\xaf\xe7\x94\xa8\xef\xbc\x8c1\xe8\xa1\xa8\xe7\xa4\xba\xe5\xb7\xb2\xe5\x90\xaf\xe7\x94\xa8\xef\xbc\x9bisserver\xe5\xb1\x9e\xe6\x80\xa7\xef\xbc\x9a0\xe8\xa1\xa8\xe7\xa4\xba\xe6\x9c\x8d\xe5\x8a\xa1\xe7\xab\xaf\xef\xbc\x8c1\xe8\xa1\xa8\xe7\xa4\xba\xe5\xae\xa2\xe6\x88\xb7\xe7\xab\xaf"",""paramname"":""\xe8\xb5\x84\xe6\xba\x90\xe5\xaf\xbc\xe8\x88\xaa\xe5\x9c\xb0\xe5\x9d\x80"",""paramvalue"":""http://web.navapps.bjgxgc.cn/index.aspx?portalCode=SR852&amp;DM=350923"",""state"":""1"",""type"":""resnavurl""},{""isserver"":""0"",""memo"":""state\xe5\xb1\x9e\xe6\x80\xa7\xef\xbc\x9a0\xe8\xa1\xa8\xe7\xa4\xba\xe6\x9c\xaa\xe5\x90\xaf\xe7\x94\xa8\xef\xbc\x8c1\xe8\xa1\xa8\xe7\xa4\xba\xe5\xb7\xb2\xe5\x90\xaf\xe7\x94\xa8\xef\xbc\x9bisserver\xe5\xb1\x9e\xe6\x80\xa7\xef\xbc\x9a0\xe8\xa1\xa8\xe7\xa4\xba\xe6\x9c\x8d\xe5\x8a\xa1\xe7\xab\xaf\xef\xbc\x8c1\xe8\xa1\xa8\xe7\xa4\xba\xe5\xae\xa2\xe6\x88\xb7\xe7\xab\xaf"",""paramname"":""\xe8\xbd\xaf\xe4\xbb\xb6\xe5\x8d\x87\xe7\xba\xa7\xe5\x9c\xb0\xe5\x9d\x80"",""paramvalue"":""http://fzpt.communion.net.cn/"",""state"":""1"",""type"":""softuploadurl""},{""isserver"":""0"",""memo"":""state\xe5\xb1\x9e\xe6\x80\xa7\xef\xbc\x9a0\xe8\xa1\xa8\xe7\xa4\xba\xe6\x9c\xaa\xe5\x90\xaf\xe7\x94\xa8\xef\xbc\x8c1\xe8\xa1\xa8\xe7\xa4\xba\xe5\xb7\xb2\xe5\x90\xaf\xe7\x94\xa8\xef\xbc\x9bisserver\xe5\xb1\x9e\xe6\x80\xa7\xef\xbc\x9a0\xe8\xa1\xa8\xe7\xa4\xba\xe6\x9c\x8d\xe5\x8a\xa1\xe7\xab\xaf\xef\xbc\x8c1\xe8\xa1\xa8\xe7\xa4\xba\xe5\xae\xa2\xe6\x88\xb7\xe7\xab\xaf"",""paramname"":""\xe7\xb3\xbb\xe7\xbb\x9f\xe5\x88\x9d\xe5\xa7\x8b\xe5\x8c\x96\xe5\x9c\xb0\xe5\x9d\x80"",""paramvalue"":""http://fzpt.communion.net.cn/webservice/RoomService?wsdl"",""state"":""1"",""type"":""sysiniturl""},{""isserver"":""1"",""memo"":""state\xe5\xb1\x9e\xe6\x80\xa7\xef\xbc\x9a0\xe8\xa1\xa8\xe7\xa4\xba\xe6\x9c\xaa\xe5\x90\xaf\xe7\x94\xa8\xef\xbc\x8c1\xe8\xa1\xa8\xe7\xa4\xba\xe5\xb7\xb2\xe5\x90\xaf\xe7\x94\xa8\xef\xbc\x9bisserver\xe5\xb1\x9e\xe6\x80\xa7\xef\xbc\x9a0\xe8\xa1\xa8\xe7\xa4\xba\xe6\x9c\x8d\xe5\x8a\xa1\xe7\xab\xaf\xef\xbc\x8c1\xe8\xa1\xa8\xe7\xa4\xba\xe5\xae\xa2\xe6\x88\xb7\xe7\xab\xaf"",""paramname"":""\xe6\x98\xaf\xe5\x90\xa6\xe8\xbf\x9b\xe8\xa1\x8c\xe9\xbb\x91\xe5\x90\x8d\xe5\x8d\x95\xe6\x8a\xa5\xe8\xad\xa6"",""paramvalue"":"""",""state"":""1"",""type"":""warnhmd""},{""isserver"":""0"",""memo"":""state\xe5\xb1\x9e\xe6\x80\xa7\xef\xbc\x9a0\xe8\xa1\xa8\xe7\xa4\xba\xe6\x9c\xaa\xe5\x90\xaf\xe7\x94\xa8\xef\xbc\x8c1\xe8\xa1\xa8\xe7\xa4\xba\xe5\xb7\xb2\xe5\x90\xaf\xe7\x94\xa8\xef\xbc\x9bisserver\xe5\xb1\x9e\xe6\x80\xa7\xef\xbc\x9a0\xe8\xa1\xa8\xe7\xa4\xba\xe6\x9c\x8d\xe5\x8a\xa1\xe7\xab\xaf\xef\xbc\x8c1\xe8\xa1\xa8\xe7\xa4\xba\xe5\xae\xa2\xe6\x88\xb7\xe7\xab\xaf"",""paramname"":""\xe4\xb8\x8a\xe7\xbd\x91\xe8\xae\xb0\xe5\xbd\x95\xe4\xb8\x8a\xe4\xbc\xa0\xe5\x9c\xb0\xe5\x9d\x80"",""paramvalue"":""http://61.154.14.239:8084/webrecord/services/WebRecordFtpService?wsdl"",""state"":""1"",""type"":""webrecuploadurl""},{""isserver"":""1"",""memo"":""state\xe5\xb1\x9e\xe6\x80\xa7\xef\xbc\x9a0\xe8\xa1\xa8\xe7\xa4\xba\xe6\x9c\xaa\xe5\x90\xaf\xe7\x94\xa8\xef\xbc\x8c1\xe8\xa1\xa8\xe7\xa4\xba\xe5\xb7\xb2\xe5\x90\xaf\xe7\x94\xa8\xef\xbc\x9bisserver\xe5\xb1\x9e\xe6\x80\xa7\xef\xbc\x9a0\xe8\xa1\xa8\xe7\xa4\xba\xe6\x9c\x8d\xe5\x8a\xa1\xe7\xab\xaf\xef\xbc\x8c1\xe8\xa1\xa8\xe7\xa4\xba\xe5\xae\xa2\xe6\x88\xb7\xe7\xab\xaf"",""paramn'"
*,*,80,58548,PA,59:38.5,"b'E\x00\x04\xc5\x1a{\x00\x00w\x06\xa1d\xc0\xa8\x01\x02\xc0\xa8\x01\x01\x00P\xe4\xb4(]\xa2sO\xaa\x90<P\x18\'\xec]\xe5\x00\x00<soap:Envelope xmlns:soap=""http://schemas.xmlsoap.org/soap/envelope/""><soap:Body><ns2:getRoomConfigResponse xmlns:ns2=""http://facade.jyhcroom.plat.room.org/""><return>[{""isserver"":""1"",""memo"":""state\xe5\xb1\x9e\xe6\x80\xa7\xef\xbc\x9a0\xe8\xa1\xa8\xe7\xa4\xba\xe6\x9c\xaa\xe5\x90\xaf\xe7\x94\xa8\xef\xbc\x8c1\xe8\xa1\xa8\xe7\xa4\xba\xe5\xb7\xb2\xe5\x90\xaf\xe7\x94\xa8\xef\xbc\x9bisserver\xe5\xb1\x9e\xe6\x80\xa7\xef\xbc\x9a0\xe8\xa1\xa8\xe7\xa4\xba\xe6\x9c\x8d\xe5\x8a\xa1\xe7\xab\xaf\xef\xbc\x8c1\xe8\xa1\xa8\xe7\xa4\xba\xe5\xae\xa2\xe6\x88\xb7\xe7\xab\xaf"",""paramname"":""\xe5\xbc\x80\xe6\x9c\xba/\xe7\x99\xbb\xe9\x99\x86\xe5\x8a\xa8\xe4\xbd\x9c\xe6\x89\xa7\xe8\xa1\x8c\xe5\x91\xbd\xe4\xbb\xa4"",""paramvalue"":"""",""state"":""1"",""type"":""actioncmd""},{""isserver"":""0"",""memo"":""state\xe5\xb1\x9e\xe6\x80\xa7\xef\xbc\x9a0\xe8\xa1\xa8\xe7\xa4\xba\xe6\x9c\xaa\xe5\x90\xaf\xe7\x94\xa8\xef\xbc\x8c1\xe8\xa1\xa8\xe7\xa4\xba\xe5\xb7\xb2\xe5\x90\xaf\xe7\x94\xa8\xef\xbc\x9bisserver\xe5\xb1\x9e\xe6\x80\xa7\xef\xbc\x9a0\xe8\xa1\xa8\xe7\xa4\xba\xe6\x9c\x8d\xe5\x8a\xa1\xe7\xab\xaf\xef\xbc\x8c1\xe8\xa1\xa8\xe7\xa4\xba\xe5\xae\xa2\xe6\x88\xb7\xe7\xab\xaf"",""paramname"":""\xe8\xae\xb0\xe5\xbd\x95\xe4\xbf\xa1\xe6\x81\xaf\xe4\xb8\x8a\xe4\xbc\xa0\xe5\x9c\xb0\xe5\x9d\x80"",""paramvalue"":""http://61.154.14.239:8078/ws/services/RoomService?wsdl"",""state"":""1"",""type"":""datauploadurl""},{""isserver"":""1"",""memo"":""state\xe5\xb1\x9e\xe6\x80\xa7\xef\xbc\x9a0\xe8\xa1\xa8\xe7\xa4\xba\xe6\x9c\xaa\xe5\x90\xaf\xe7\x94\xa8\xef\xbc\x8c1\xe8\xa1\xa8\xe7\xa4\xba\xe5\xb7\xb2\xe5\x90\xaf\xe7\x94\xa8\xef\xbc\x9bisserver\xe5\xb1\x9e\xe6\x80\xa7\xef\xbc\x9a0\xe8\xa1\xa8\xe7\xa4\xba\xe6\x9c\x8d\xe5\x8a\xa1\xe7\xab\xaf\xef\xbc\x8c1\xe8\xa1\xa8\xe7\xa4\xba\xe5\xae\xa2\xe6\x88\xb7\xe7\xab\xaf"",""paramname"":""\xe9\x94\x81\xe5\xb1\x8f\xe4\xb8\xbb\xe9\xa1\xb5\xe5\x9c\xb0\xe5\x9d\x80"",""paramvalue"":""http://image.550990.com/upload/photo/00/01/64/93/16493.jpg"",""state"":""0"",""type"":""lockhomeurl""},{""isserver"":""1"",""memo"":""state\xe5\xb1\x9e\xe6\x80\xa7\xef\xbc\x9a0\xe8\xa1\xa8\xe7\xa4\xba\xe6\x9c\xaa\xe5\x90\xaf\xe7\x94\xa8\xef\xbc\x8c1\xe8\xa1\xa8\xe7\xa4\xba\xe5\xb7\xb2\xe5\x90\xaf\xe7\x94\xa8\xef\xbc\x9bisserver\xe5\xb1\x9e\xe6\x80\xa7\xef\xbc\x9a0\xe8\xa1\xa8\xe7\xa4\xba\xe6\x9c\x8d\xe5\x8a\xa1\xe7\xab\xaf\xef\xbc\x8c1\xe8\xa1\xa8\xe7\xa4\xba\xe5\xae\xa2\xe6\x88\xb7\xe7\xab\xaf"",""paramname"":""\xe7\x99\xbb\xe9\x99\x86\xe5\x90\x8e\xe6\x93\x8d\xe4\xbd\x9c\\t"",""paramvalue"":""1"",""state"":""1"",""type"":""loginaction""},{""isserver"":""1"",""memo"":""state\xe5\xb1'"
*,*,80,58548,PA,59:47.7,"b'E\x00\x04M\x1a~\x00\x00w\x06\xa1\xd9\xc0\xa8\x01\x02\xc0\xa8\x01\x01\x00P\xe4\xb4(]\xac\x94O\xaa\x90<P\x18\'\xec\x1f \x00\x00ame"":""\xe7\x8a\xb6\xe6\x80\x81\xe4\xbf\xa1\xe6\x81\xaf\xe4\xb8\x8a\xe4\xbc\xa0\xe5\x9c\xb0\xe5\x9d\x80"",""paramvalue"":""http://61.154.14.239:8078/ws/services/OnLineDevService?wsdl"",""state"":""1"",""type"":""statuploadurl""},{""isserver"":""0"",""memo"":""state\xe5\xb1\x9e\xe6\x80\xa7\xef\xbc\x9a0\xe8\xa1\xa8\xe7\xa4\xba\xe6\x9c\xaa\xe5\x90\xaf\xe7\x94\xa8\xef\xbc\x8c1\xe8\xa1\xa8\xe7\xa4\xba\xe5\xb7\xb2\xe5\x90\xaf\xe7\x94\xa8\xef\xbc\x9bisserver\xe5\xb1\x9e\xe6\x80\xa7\xef\xbc\x9a0\xe8\xa1\xa8\xe7\xa4\xba\xe6\x9c\x8d\xe5\x8a\xa1\xe7\xab\xaf\xef\xbc\x8c1\xe8\xa1\xa8\xe7\xa4\xba\xe5\xae\xa2\xe6\x88\xb7\xe7\xab\xaf"",""paramname"":""FTP\xe6\x9c\x8d\xe5\x8a\xa1\xe5\x99\xa8\xe9\x85\x8d\xe7\xbd\xae"",""paramvalue"":""61.154.14.239:21"",""state"":""1"",""type"":""ftpservercfg""},{""isserver"":""0"",""memo"":""state\xe5\xb1\x9e\xe6\x80\xa7\xef\xbc\x9a0\xe8\xa1\xa8\xe7\xa4\xba\xe6\x9c\xaa\xe5\x90\xaf\xe7\x94\xa8\xef\xbc\x8c1\xe8\xa1\xa8\xe7\xa4\xba\xe5\xb7\xb2\xe5\x90\xaf\xe7\x94\xa8\xef\xbc\x9bisserver\xe5\xb1\x9e\xe6\x80\xa7\xef\xbc\x9a0\xe8\xa1\xa8\xe7\xa4\xba\xe6\x9c\x8d\xe5\x8a\xa1\xe7\xab\xaf\xef\xbc\x8c1\xe8\xa1\xa8\xe7\xa4\xba\xe5\xae\xa2\xe6\x88\xb7\xe7\xab\xaf"",""paramname"":""\xe8\xbf\x87\xe6\xbb\xa4\xe5\xad\x97\xe5\x85\xb8"",""paramvalue"":"""",""state"":""0"",""type"":""filterdictcfg""},{""isserver"":""0"",""memo"":""state\xe5\xb1\x9e\xe6\x80\xa7\xef\xbc\x9a0\xe8\xa1\xa8\xe7\xa4\xba\xe6\x9c\xaa\xe5\x90\xaf\xe7\x94\xa8\xef\xbc\x8c1\xe8\xa1\xa8\xe7\xa4\xba\xe5\xb7\xb2\xe5\x90\xaf\xe7\x94\xa8\xef\xbc\x9bisserver\xe5\xb1\x9e\xe6\x80\xa7\xef\xbc\x9a0\xe8\xa1\xa8\xe7\xa4\xba\xe6\x9c\x8d\xe5\x8a\xa1\xe7\xab\xaf\xef\xbc\x8c1\xe8\xa1\xa8\xe7\xa4\xba\xe5\xae\xa2\xe6\x88\xb7\xe7\xab\xaf"",""paramname"":""\xe8\x81\x94\xe7\xb3\xbb\xe6\x88\x91\xe4\xbb\xac"",""paramvalue"":"""",""state"":""0"",""type"":""supportcontactinfo""},{""isserver"":""0"",""memo"":""state\xe5\xb1\x9e\xe6\x80\xa7\xef\xbc\x9a0\xe8\xa1\xa8\xe7\xa4\xba\xe6\x9c\xaa\xe5\x90\xaf\xe7\x94\xa8\xef\xbc\x8c1\xe8\xa1\xa8\xe7\xa4\xba\xe5\xb7\xb2\xe5\x90\xaf\xe7\x94\xa8\xef\xbc\x9bisserver\xe5\xb1\x9e\xe6\x80\xa7\xef\xbc\x9a0\xe8\xa1\xa8\xe7\xa4\xba\xe6\x9c\x8d\xe5\x8a\xa1\xe7\xab\xaf\xef\xbc\x8c1\xe8\xa1\xa8\xe7\xa4\xba\xe5\xae\xa2\xe6\x88\xb7\xe7\xab\xaf"",""paramname"":""\xe9\x80\x9a\xe7\x9f\xa5"",""paramvalue"":"""",""state"":""0"",""type"":""noticeinfo""}]</return></ns2:getRoomConfigResponse></soap:Body></soap:Envelope>'"
*,*,58548,80,A,26:43.7,b'E\x00\x004w\xe3@\x00y\x06\x06\x8d\xc0\xa8\x01\x01\xc0\xa8\x01\x02\xe4\xb4\x00PO\xaa\x90<(]\xa2s\x80\x10\xfd\xb8D\xee\x00\x00\x01\x01\x05\n(]\xa7\x10(]\xac\x94'
*,*,58548,80,A,26:47.8,b'E\x00\x00(w\xe4@\x00y\x06\x06\x98\xc0\xa8\x01\x01\xc0\xa8\x01\x02\xe4\xb4\x00PO\xaa\x90<(]\xac\x94P\x10\xfd\xb8\x15D\x00\x00'
*,*,58548,80,PA,31:42.6,"b'E\x00\x01\x08w\xe6@\x00y\x06\x05\xb6\xc0\xa8\x01\x01\xc0\xa8\x01\x02\xe4\xb4\x00PO\xaa\x91k(]\xb0\xb9P\x18\xf9\x93W\xb5\x00\x00<?xml version=""1.0"" ?><S:Envelope xmlns:S=""http://schemas.xmlsoap.org/soap/envelope/""><S:Body><ns2:getRoomInfo xmlns:ns2=""http://facade.jyhcroom.plat.room.org/""><arg0>3509231003</arg0></ns2:getRoomInfo></S:Body></S:Envelope>'"
*,*,58548,80,PA,31:43.2,"b'E\x00\x01Ww\xe5@\x00y\x06\x05h\xc0\xa8\x01\x01\xc0\xa8\x01\x02\xe4\xb4\x00PO\xaa\x90<(]\xb0\xb9P\x18\xf9\x93~\xe3\x00\x00POST /webservice/RoomService HTTP/1.1\r\nSOAPAction: """"\r\nAccept: text/xml, multipart/related, text/html, image/gif, image/jpeg, *; q=.2, */*; q=.2\r\nContent-Type: text/xml;charset=""utf-8""\r\nUser-Agent: JAX-WS RI 2.1.3-hudson-390-\r\nHost: fzpt.communion.net.cn\r\nConnection: keep-alive\r\nContent-Length: 224\r\n\r\n'"
*,*,80,58548,PA,17:29.6,"b""E\x00\x00\xf8\xae.\x00\x00w\x06\x11~\xc0\xa8\x01\x02\xc0\xa8\x01\x01\x00P\xe4\xb4(]\xb0\xb9O\xaa\x92KP\x18'\xec\xf52\x00\x00HTTP/1.1 200 OK\r\nServer: Apache-Coyote/1.1\r\nSet-Cookie: JSESSIONID=7F212E8D80B12F49F36A3E37FDEB772D; Path=/\r\nContent-Type: text/xml;charset=UTF-8\r\nContent-Length: 1037\r\nDate: Wed, 20 Dec 2017 01:52:35 GMT\r\n\r\n"""
*,*,80,58548,PA,17:32.8,"b'E\x00\x045\xae/\x00\x00w\x06\x0e@\xc0\xa8\x01\x02\xc0\xa8\x01\x01\x00P\xe4\xb4(]\xb1\x89O\xaa\x92KP\x18\'\xec8]\x00\x00<soap:Envelope xmlns:soap=""http://schemas.xmlsoap.org/soap/envelope/""><soap:Body><ns2:getRoomInfoResponse xmlns:ns2=""http://facade.jyhcroom.plat.room.org/""><return>[{""brandwidth"":""30"",""closetime"":""18:00"",""coordinate"":""118.999733|26.910236"",""createdate"":""2014-11-28"",""demo"":""\xe7\x8e\xaf\xe5\xa2\x83\xe4\xbc\x98\xe9\x9b\x85\xe3\x80\x81\xe9\x80\x82\xe5\x90\x88\xe9\x98\x85\xe8\xaf\xbb 192.168.1.100,"",""description"":"""",""devcode"":""1859-646740851159120151109153607"",""devcount"":""3"",""failure"":"""",""id"":6166,""info1"":""\xe5\xae\xa1\xe6\xa0\xb8\xe9\x80\x9a\xe8\xbf\x87"",""info2"":"""",""info3"":"""",""info4"":"""",""info5"":"""",""location"":""\xe5\xae\x81\xe5\xbe\xb7\xe5\xb8\x82\xe5\xb1\x8f\xe5\x8d\x97\xe5\x8e\xbf\xe5\x8f\xa4\xe5\xb3\xb0\xe9\x95\x87\xe5\x9f\x8e\xe4\xb8\x9c\xe7\xa4\xbe\xe5\x8c\xba\xe5\xb1\x85\xe6\xb0\x91\xe5\xa7\x94\xe5\x91\x98\xe4\xbc\x9a"",""lxremail"":""87599390@qq.com"",""lxrmobile"":"""",""lxrtel"":""13062198137"",""managercount"":"""",""opentime"":""08:00"",""postcode"":""352300"",""roomarea"":140,""roomfzr"":"""",""roomlxr"":""\xe6\x9d\x8e\xe5\x9b\x9b"",""roommanager"":""\xe9\x99\x88\xe6\x9d\x8e\xe4\xba\x91"",""roomname"":""\xe5\xb1\x8f\xe5\x8d\x97\xe5\x8e\xbf\xe5\x8f\xa4\xe5\xb3\xb0\xe9\x95\x87\xe7\xbb\xbc\xe5\x90\x88\xe6\x96\x87\xe5\x8c\x96\xe7\xab\x99\xe7\x94\xb5\xe5\xad\x90\xe9\x98\x85\xe8\xa7\x88\xe5\xae\xa4"",""roomsn"":""3509231003"",""roomtype"":""1"",""stalevel"":""9"",""state"":1,""statype"":"""",""type"":0,""updatetime"":""2015-11-09 15:46"",""uppersta"":""350923"",""version"":2,""website"":""""}]</return></ns2:getRoomInfoResponse></soap:Body></soap:Envelope>'"
*,*,58548,80,A,47:17.0,b'E\x00\x00(w\xe7@\x00y\x06\x06\x95\xc0\xa8\x01\x01\xc0\xa8\x01\x02\xe4\xb4\x00PO\xaa\x92K(]\xb5\x96P\x10\xfd\xb8\n3\x00\x00'
*,*,58548,80,S,39:11.4,b'E\x00\x004w\xdc@\x00x\x06\x07\x94\xc0\xa8\x01\x01\xc0\xa8\x01\x02\xe4\xb4\x00PO\xaa\x8c\x19\x00\x00\x00\x00\x80\x02 \x00\x8b}\x00\x00\x02\x04\x05\x84\x01\x03\x03\x08\x01\x01\x04\x02'
*,*,58548,80,A,39:15.8,b'E\x00\x00(w\xdd@\x00x\x06\x07\x9f\xc0\xa8\x01\x01\xc0\xa8\x01\x02\xe4\xb4\x00PO\xaa\x8c\x1a(]\x9c\xafP\x10\xfd\xb8)K\x00\x00'
*,*,58548,80,PA,39:17.3,"b'E\x00\x01Ww\xde@\x00y\x06\x05o\xc0\xa8\x01\x01\xc0\xa8\x01\x02\xe4\xb4\x00PO\xaa\x8c\x1a(]\x9c\xafP\x18\xfd\xb8\x92\xea\x00\x00POST /webservice/RoomService HTTP/1.1\r\nSOAPAction: """"\r\nAccept: text/xml, multipart/related, text/html, image/gif, image/jpeg, *; q=.2, */*; q=.2\r\nContent-Type: text/xml;charset=""utf-8""\r\nUser-Agent: JAX-WS RI 2.1.3-hudson-390-\r\nHost: fzpt.communion.net.cn\r\nConnection: keep-alive\r\nContent-Length: 224\r\n\r\n'"
*,*,58548,80,PA,39:19.9,"b'E\x00\x01\x08w\xdf@\x00y\x06\x05\xbd\xc0\xa8\x01\x01\xc0\xa8\x01\x02\xe4\xb4\x00PO\xaa\x8dI(]\x9c\xafP\x18\xfd\xb8k\xbc\x00\x00<?xml version=""1.0"" ?><S:Envelope xmlns:S=""http://schemas.xmlsoap.org/soap/envelope/""><S:Body><ns2:getRoomInfo xmlns:ns2=""http://facade.jyhcroom.plat.room.org/""><arg0>3509231003</arg0></ns2:getRoomInfo></S:Body></S:Envelope>'"
*,*,58548,80,A,31:12.5,"b""E\x00\x00(w\xe0@\x00y\x06\x06\x9c\xc0\xa8\x01\x01\xc0\xa8\x01\x02\xe4\xb4\x00PO\xaa\x8e)(]\xa1\x8cP\x10\xf8\xdb'<\x00\x00"""
*,*,58548,80,PA,32:01.0,"b'E\x00\x01Ww\xe1@\x00y\x06\x05l\xc0\xa8\x01\x01\xc0\xa8\x01\x02\xe4\xb4\x00PO\xaa\x8e)(]\xa1\x8cP\x18\xf8\xdb\x8c\xdb\x00\x00POST /webservice/RoomService HTTP/1.1\r\nSOAPAction: """"\r\nAccept: text/xml, multipart/related, text/html, image/gif, image/jpeg, *; q=.2, */*; q=.2\r\nContent-Type: text/xml;charset=""utf-8""\r\nUser-Agent: JAX-WS RI 2.1.3-hudson-390-\r\nHost: fzpt.communion.net.cn\r\nConnection: keep-alive\r\nContent-Length: 228\r\n\r\n'"
*,*,58548,80,PA,32:04.3,"b'E\x00\x01\x0cw\xe2@\x00y\x06\x05\xb6\xc0\xa8\x01\x01\xc0\xa8\x01\x02\xe4\xb4\x00PO\xaa\x8fX(]\xa1\x8cP\x18\xf8\xdb\x9e\xde\x00\x00<?xml version=""1.0"" ?><S:Envelope xmlns:S=""http://schemas.xmlsoap.org/soap/envelope/""><S:Body><ns2:getRoomConfig xmlns:ns2=""http://facade.jyhcroom.plat.room.org/""><arg0>3509231003</arg0></ns2:getRoomConfig></S:Body></S:Envelope>'"
*,*,58548,80,A,26:43.7,b'E\x00\x004w\xe3@\x00y\x06\x06\x8d\xc0\xa8\x01\x01\xc0\xa8\x01\x02\xe4\xb4\x00PO\xaa\x90<(]\xa2s\x80\x10\xfd\xb8D\xee\x00\x00\x01\x01\x05\n(]\xa7\x10(]\xac\x94'
*,*,58548,80,A,26:47.8,b'E\x00\x00(w\xe4@\x00y\x06\x06\x98\xc0\xa8\x01\x01\xc0\xa8\x01\x02\xe4\xb4\x00PO\xaa\x90<(]\xac\x94P\x10\xfd\xb8\x15D\x00\x00'
*,*,58548,80,PA,31:42.6,"b'E\x00\x01\x08w\xe6@\x00y\x06\x05\xb6\xc0\xa8\x01\x01\xc0\xa8\x01\x02\xe4\xb4\x00PO\xaa\x91k(]\xb0\xb9P\x18\xf9\x93W\xb5\x00\x00<?xml version=""1.0"" ?><S:Envelope xmlns:S=""http://schemas.xmlsoap.org/soap/envelope/""><S:Body><ns2:getRoomInfo xmlns:ns2=""http://facade.jyhcroom.plat.room.org/""><arg0>3509231003</arg0></ns2:getRoomInfo></S:Body></S:Envelope>'"
*,*,58548,80,PA,31:43.2,"b'E\x00\x01Ww\xe5@\x00y\x06\x05h\xc0\xa8\x01\x01\xc0\xa8\x01\x02\xe4\xb4\x00PO\xaa\x90<(]\xb0\xb9P\x18\xf9\x93~\xe3\x00\x00POST /webservice/RoomService HTTP/1.1\r\nSOAPAction: """"\r\nAccept: text/xml, multipart/related, text/html, image/gif, image/jpeg, *; q=.2, */*; q=.2\r\nContent-Type: text/xml;charset=""utf-8""\r\nUser-Agent: JAX-WS RI 2.1.3-hudson-390-\r\nHost: fzpt.communion.net.cn\r\nConnection: keep-alive\r\nContent-Length: 224\r\n\r\n'"
*,*,58548,80,A,47:17.0,b'E\x00\x00(w\xe7@\x00y\x06\x06\x95\xc0\xa8\x01\x01\xc0\xa8\x01\x02\xe4\xb4\x00PO\xaa\x92K(]\xb5\x96P\x10\xfd\xb8\n3\x00\x00'
